[{"시도":"서울","시군구":"강남구","의료기관명":"강남구보건소","주소":"서울 강남구 삼성동(삼성2동) 8 강남구보건소","대표 전화번호":"02-3423-5555","latlng":[37.5162581,127.042214]},{"시도":"서울","시군구":"강남구","의료기관명":"삼성서울병원","주소":"서울 강남구 일원로81 삼성서울병원","대표 전화번호":"02-1599-3114","latlng":[37.4889432,127.0876424]},{"시도":"서울","시군구":"강남구","의료기관명":"강남세브란스병원","주소":"서울 강남구 언주로211 강남세브란스병원","대표 전화번호":"02-1599-6114","latlng":[37.492736,127.0462661]},{"시도":"서울","시군구":"강동구","의료기관명":"강동구보건소","주소":"서울 강동구 성내로45","대표 전화번호":"02-3425-6713","latlng":[37.5293701,127.1255567]},{"시도":"서울","시군구":"강동구","의료기관명":"중앙보훈병원","주소":"서울 강동구 진황도로 61길 53","대표 전화번호":"02-2225-1114","latlng":[37.528778,127.1476066]},{"시도":"서울","시군구":"강동구","의료기관명":"강동경희대병원","주소":"서울시 강동구 동남로 892","대표 전화번호":"02-440-7000","latlng":[37.5528301,127.1571983]},{"시도":"서울","시군구":"강동구","의료기관명":"강동성심병원","주소":"서울시 강동구 성안로 150","대표 전화번호":"1588-4100","latlng":[37.5361,127.1353505]},{"시도":"서울","시군구":"강북구","의료기관명":"강북구보건소","주소":"서울 강북구 한천로 897, 강북구보건소","대표 전화번호":"02-901-7704.7706","latlng":[37.6320834,127.0387673]},{"시도":"서울","시군구":"강서구","의료기관명":"강서구보건소","주소":"서울 강서구 염창동 275-12 강서보건소","대표 전화번호":"02-2600-5465","latlng":[37.5496053,126.868277]},{"시도":"서울","시군구":"관악구","의료기관명":"관악구보건소","주소":"서울 관악구 청룡동 1570-1 ","대표 전화번호":"02-879-7133\/7136","latlng":[37.478321,126.9512138]},{"시도":"서울","시군구":"관악구","의료기관명":"에이치플러스양지병원","주소":"서울특별시 관악구 남부순환로 1636","대표 전화번호":"1877-8875","latlng":[37.4842166,126.9325109]},{"시도":"서울","시군구":"광진구","의료기관명":"광진구보건소","주소":"서울특별시 광진구 자양1동 777","대표 전화번호":"02-450-7090","latlng":[37.5383742,127.0822077]},{"시도":"서울","시군구":"광진구","의료기관명":"건국대학교병원","주소":"서울특별시 광진구 능동로 120-1","대표 전화번호":"02-1588-1533","latlng":[37.5408245,127.0722209]},{"시도":"서울","시군구":"구로구","의료기관명":"구로구보건소","주소":"서울 구로구 구로동(구로제5동) 109-4 구로5동 주민센터, 구로구보건소","대표 전화번호":"02-860-2012","latlng":[37.5000414,126.8893134]},{"시도":"서울","시군구":"구로구","의료기관명":"고대구로병원","주소":"구로동로 148","대표 전화번호":"02-2626-1554","latlng":[37.4922173,126.8849478]},{"시도":"서울","시군구":"구로구","의료기관명":"구로성심병원","주소":"경인로 427","대표 전화번호":"02-2067-1500","latlng":[37.4996208,126.866356]},{"시도":"서울","시군구":"금천구","의료기관명":"금천구보건소","주소":"서울 금천구 시흥제1동 1020 금천구보건소 ","대표 전화번호":"02-2627-2717","latlng":[37.4570498,126.8959514]},{"시도":"서울","시군구":"금천구","의료기관명":"희명병원","주소":"서울특별시 금천구 시흥대로 244","대표 전화번호":"02-2219-7231","latlng":[37.4556417,126.9005666]},{"시도":"서울","시군구":"노원구","의료기관명":"노원구보건소","주소":"서울 노원구 상계6.7동 노원구보건소, 701-1","대표 전화번호":"02-2116-3000","latlng":[37.6540782,127.0566045]},{"시도":"서울","시군구":"노원구","의료기관명":"노원을지대학교병원","주소":"서울 노원구 한글비석로 68","대표 전화번호":"02-970-8000","latlng":[37.6363293,127.0697068]},{"시도":"서울","시군구":"노원구","의료기관명":"상계백병원","주소":"서울 노원구 동일로 1342","대표 전화번호":"02-950-1114","latlng":[37.6486101,127.0630785]},{"시도":"서울","시군구":"도봉구","의료기관명":"도봉구보건소","주소":"서울 도봉구 쌍문동 565","대표 전화번호":"02-2091-4434","latlng":[37.6580211,127.0387508]},{"시도":"서울","시군구":"도봉구","의료기관명":"한일병원","주소":"서울시 도봉구 우이천로 308(쌍문동) ","대표 전화번호":"02-901-3114","latlng":[37.6500586,127.0262078]},{"시도":"서울","시군구":"동대문구","의료기관명":"동대문구보건소","주소":"서울 동대문구 용두동 39-9 ","대표 전화번호":"02-2127-4283","latlng":[37.5742015,127.0398327]},{"시도":"서울","시군구":"동대문구","의료기관명":"삼육서울병원","주소":"서울 동대문구 망우로 82","대표 전화번호":"1577-3675","latlng":[37.5892778,127.0645418]},{"시도":"서울","시군구":"동대문구","의료기관명":"서울특별시동부병원","주소":"서울 동대문구 무학로 124 ","대표 전화번호":"920-9435\/9119","latlng":[37.575312,127.03151]},{"시도":"서울","시군구":"동대문구","의료기관명":"서울성심병원","주소":"서울 동대문구 왕산로 259","대표 전화번호":"966-1616","latlng":[37.584392,127.0497209]},{"시도":"서울","시군구":"동대문구","의료기관명":"경희의료원","주소":"서울 동대문구 경희대로 23","대표 전화번호":"958-8114","latlng":[37.5953632,127.0527612]},{"시도":"서울","시군구":"동작구","의료기관명":"동작구보건소","주소":"서울 동작구 상도2동 176-3","대표 전화번호":"02-820-9465","latlng":[37.5043975,126.9410466]},{"시도":"서울","시군구":"동작구","의료기관명":"서울특별시 보라매병원","주소":"동작구 보라매로5길 20","대표 전화번호":"02-870-2114","latlng":[37.4932234,126.9244612]},{"시도":"서울","시군구":"동작구","의료기관명":"서울특별시 중앙대학교 병원","주소":"서울특별시 동작구 흑석로 102","대표 전화번호":"1800-1114","latlng":[37.5069754,126.9605231]},{"시도":"서울","시군구":"마포구","의료기관명":"마포구보건소","주소":"서울 마포구 성산동 370","대표 전화번호":"02-3153-9037","latlng":[37.5663123,126.9020797]},{"시도":"서울","시군구":"서대문구","의료기관명":"서대문구보건소","주소":"서울 서대문구 연희동  연희로242 (연희동 165-2)","대표 전화번호":"02-330-1806","latlng":[37.5785747,126.9362575]},{"시도":"서울","시군구":"서대문구","의료기관명":"세브란스병원","주소":"연세로 50-1","대표 전화번호":"1599-1004","latlng":[37.564089,126.9389809]},{"시도":"서울","시군구":"중구","의료기관명":"서울중구보건소","주소":"서울 중구 신당동 50-5 중구보건소  ","대표 전화번호":"02-3396-5181","latlng":[37.5645417,127.0151473]},{"시도":"서울","시군구":"중구","의료기관명":"인제대학교서울백병원","주소":"서울 중구 마른내로 9 백병원","대표 전화번호":"02-2270-0114","latlng":[37.5649096,126.9887525]},{"시도":"서울","시군구":"중구","의료기관명":"국립중앙의료원","주소":"중구 을지로 245","대표 전화번호":"02-2260-7114","latlng":[37.5674232,127.0059029]},{"시도":"서울","시군구":"서초구","의료기관명":"서초구보건소","주소":"서울 서초구 서초동(서초2동) 1376-3 서초구청 보건소","대표 전화번호":"02-2155-8093","latlng":[37.4836015,127.0334387]},{"시도":"서울","시군구":"서초구","의료기관명":"가톨릭대학교 서울성모병원","주소":"서울시 서초구 반포대로 222","대표 전화번호":"02-1588-1511","latlng":[37.5003974,127.0066599]},{"시도":"서울","시군구":"서초구","의료기관명":"서울특별시 어린이병원","주소":"서울특별시 서초구 헌릉로 260","대표 전화번호":"02-570-8000","latlng":[37.4554808,127.0688387]},{"시도":"서울","시군구":"성동구","의료기관명":"성동구보건소","주소":"서울 성동구 홍익동 (왕십리도선동) 16-15 성동구보건소 ","대표 전화번호":"02-2286-7172","latlng":[37.5670357,127.0331864]},{"시도":"서울","시군구":"성동구","의료기관명":"한양대학교병원","주소":"서울특별시 성동구 왕십리로 222-1 (사근동)","대표 전화번호":"02-2290-8114\/8531","latlng":[37.5622917,127.0468607]},{"시도":"서울","시군구":"성동구","의료기관명":"성동군자의원","주소":"서울특별시 성동구 광나루로 323 송정빌딩 2층","대표 전화번호":"02-499-7785","latlng":[37.5483997,127.0656559]},{"시도":"서울","시군구":"성북구","의료기관명":"성북구보건소","주소":"서울 성북구 월곡제2동 46-1 성북구보건소 ","대표 전화번호":"02-2241-5912","latlng":[37.6026426,127.0395181]},{"시도":"서울","시군구":"성북구","의료기관명":"고려대학교의료원안암병원","주소":"고려대로73(안암동 5가)","대표 전화번호":"1577-0083","latlng":[37.5870416,127.0265402]},{"시도":"서울","시군구":"송파구","의료기관명":"송파구보건소","주소":"서울 송파구 신천동 29-5 송파구청, 보건소 ","대표 전화번호":"02-2147-3479","latlng":[37.514543,127.106542]},{"시도":"서울","시군구":"송파구","의료기관명":"서울아산병원","주소":"올림픽로43길 88","대표 전화번호":"02-1688-7575","latlng":[37.5254548,127.1084185]},{"시도":"서울","시군구":"송파구","의료기관명":"경찰병원","주소":"송이로 123","대표 전화번호":"02-3400-1114","latlng":[37.4964365,127.1233624]},{"시도":"서울","시군구":"양천구","의료기관명":"양천구보건소","주소":"서울 양천구 신정동(신정6동) 321-5 양천보건소","대표 전화번호":"02-2620-3856","latlng":[37.5175388,126.8658707]},{"시도":"서울","시군구":"양천구","의료기관명":"이화여자대학교의과대학부속목동병원","주소":"서울 양천구 안양천로 1071 ","대표 전화번호":"1666-5000","latlng":[37.5363794,126.8864324]},{"시도":"서울","시군구":"양천구","의료기관명":"서울특별시 서남병원","주소":"양천구 신정이펜1로 20","대표 전화번호":"1566-6688","latlng":[37.5124059,126.8331164]},{"시도":"서울","시군구":"양천구","의료기관명":"홍익병원","주소":"서울 양천구 목동로 225 ","대표 전화번호":"02-2693-5555","latlng":[37.5284349,126.8636189]},{"시도":"서울","시군구":"영등포구","의료기관명":"영등포구보건소","주소":"서울 영등포구 당산동3가(당산제1동) 385-1 영등포구청 영등포구보건소","대표 전화번호":"02-2670-4953","latlng":[37.5264549,126.8955343]},{"시도":"서울","시군구":"영등포구","의료기관명":"한림대학교 강남성심병원","주소":"서울특별시 영등포구 신길로 1","대표 전화번호":"1577-5587","latlng":[37.4934858,126.9077859]},{"시도":"서울","시군구":"영등포구","의료기관명":"의료법인 성애병원","주소":"서울특별시 영등포구 여의대방로 53길22","대표 전화번호":"02-840-7115","latlng":[37.5120291,126.9223827]},{"시도":"서울","시군구":"영등포구","의료기관명":"가톨릭대학교 여의도성모병원","주소":"서울특별시 영등포구 63로 10","대표 전화번호":"1661-7575","latlng":[37.5179713,126.936089]},{"시도":"서울","시군구":"영등포구","의료기관명":"인봉의료재단 영등포병원","주소":"서울특별시 영등포구 당산로31길 10","대표 전화번호":"010-5334-7708","latlng":[37.5268013,126.8959163]},{"시도":"서울","시군구":"용산구","의료기관명":"용산구보건소","주소":"서울 용산구 이태원동 34-87","대표 전화번호":"02-2199-8373~6","latlng":[37.5324201,126.9903488]},{"시도":"서울","시군구":"용산구","의료기관명":"순천향대학교서울병원","주소":"용산구 대사관로 59(한남동)","대표 전화번호":"02-709-9114","latlng":[37.5339355,127.0043336]},{"시도":"서울","시군구":"은평구","의료기관명":"은평구보건소","주소":"서울 은평구 녹번동 84 은평구종합청사 은평구보건소","대표 전화번호":"02-351-8640~1","latlng":[37.6024522,126.9288474]},{"시도":"서울","시군구":"은평구","의료기관명":"가톨릭대학교 은평성모병원","주소":"은평구 통일로1021","대표 전화번호":"1811-7755","latlng":[37.6338843,126.9165592]},{"시도":"서울","시군구":"은평구","의료기관명":"서울특별시서북병원","주소":"은평구 갈현로7길 49","대표 전화번호":"02-3156-3022","latlng":[37.6041552,126.9048703]},{"시도":"서울","시군구":"은평구","의료기관명":"서울특별시은평병원","주소":"은평구 백련산로 90","대표 전화번호":"02-300-8060","latlng":[37.5937651,126.9236307]},{"시도":"서울","시군구":"은평구","의료기관명":"의료법인 청구성심병원","주소":"서울 은평구 통일로 873","대표 전화번호":"350-3300","latlng":[37.6207324,126.9194449]},{"시도":"서울","시군구":"종로구","의료기관명":"종로구보건소","주소":"서울 종로구 옥인동(청운효자동) 45-30 종로구보건소","대표 전화번호":"02-2148-3725","latlng":[37.5817685,126.9692571]},{"시도":"서울","시군구":"종로구","의료기관명":"강북삼성병원","주소":"서울시 종로구 평동 108","대표 전화번호":"02-2001-1896","latlng":[37.5679115,126.9664449]},{"시도":"서울","시군구":"종로구","의료기관명":"서울적십자병원","주소":"서울시 종로구 평동 164","대표 전화번호":"02-2002-8650","latlng":[37.5671402,126.9670566]},{"시도":"서울","시군구":"종로구","의료기관명":"서울대학교병원","주소":"서울시 종로구 대학로 101(연건동)","대표 전화번호":"1588-5700","latlng":[37.5787974,127.0010352]},{"시도":"서울","시군구":"중랑구","의료기관명":"중랑구보건소","주소":"서울 중랑구 신내2동 662 중랑구청 ","대표 전화번호":"02-2094-0800","latlng":[37.60656,127.092624]},{"시도":"서울","시군구":"중랑구","의료기관명":"서울의료원","주소":"중랑구 신내로 156","대표 전화번호":"02-2276-8333","latlng":[37.613036,127.0984134]},{"시도":"서울","시군구":"중랑구","의료기관명":"녹색병원","주소":"중랑구 사가정로 49길 53","대표 전화번호":"02-490-2000","latlng":[37.5835002,127.0861511]}]